"10-1-15","279 GRAND ST - 279 Grand St","","Yes"
"10-1-18","271 GRAND ST - 271 Grand St","","Yes"
"10-1-24","364 LIBERTY ST - 364 Liberty St","","Yes"
"10-1-29","372 LIBERTY ST - 372 Liberty St","","Yes"
"10-1-31","374 LIBERTY ST - 374 Liberty St","","Yes"
"10-1-32","374 A LIBERTY ST - 374 A Liberty St","","Yes"
"10-1-33","376 LIBERTY ST - 376 Liberty St","","Yes"
"10-1-36","380 LIBERTY ST - 380 Liberty St","","Yes"
"10-1-37","382 LIBERTY ST - 382 Liberty St","","Yes"
"10-1-41","394 LIBERTY ST - 394 Liberty St","","Yes"
"10-2-20.2","70 CLINTON ST - 70 Clinton St","","Yes"
"10-2-25","286 GRAND ST - 286 Grand St","","Yes"
"10-2-26","288 GRAND ST - 288 Grand St","","Yes"
"10-2-29","302 GRAND ST - 302 Grand St","","Yes"
"10-2-34","318 GRAND ST - 318 Grand St","","Yes"
"11-1-11","201 N MILLER ST - 201 N Miller St","","Yes"
"11-1-13","197 N MILLER ST","","Yes"
"11-1-15","193 N MILLER ST & 192 DUBOIS - 193 N Miller St & 192 Dubois","","Yes"
"11-1-17","189 N MILLER ST - 189 N Miller St","","Yes"
"11-1-18","187 N MILLER ST - 187 N Miller St","","Yes"
"11-1-2","221 N MILLER ST - 221 N Miller St","","Yes"
"11-1-5","215 N MILLER ST - 215 N Miller St","","Yes"
"11-1-7","211 N MILLER ST - 211 N Miller St","","Yes"
"11-1-8","209 N MILLER ST - 209 N Miller St","","Yes"
"11-2-11","194 LANDER ST - 194 Lander St","","Yes"
"11-2-20","194 SOUTH ST - 194 South St","","Yes"
"11-2-21","198 SOUTH ST - 198 South St","","Yes"
"11-2-23","184 N MILLER ST - 184 N Miller St","","Yes"
"11-3-10","185-187 CHAMBERS ST - 185-187 Chambers St","","Yes"
"11-3-13","146 SOUTH ST - 146 South St","","Yes"
"11-3-16","152 SOUTH ST - 152 South St","","Yes"
"11-3-17","154 SOUTH ST - 154 South St","","Yes"
"11-3-18","156 SOUTH ST - 156 South St","","Yes"
"11-3-21","162 SOUTH ST - 162 South St","","Yes"
"11-3-2.2","25 GIDNEY AVE - 25 Gidney Ave","","Yes"
"11-3-5","197 CHAMBERS ST - 197 Chambers St","","Yes"
"11-3-8","191 CHAMBERS ST - 191 Chambers St","","Yes"
"11-4-10","383 LIBERTY ST - 383 Liberty St","","Yes"
"11-4-20","361 LIBERTY ST - 361 Liberty St","","Yes"
"11-4-22","357 LIBERTY ST - 357 Liberty St","","Yes"
"11-4-24","353 LIBERTY ST - 353 Liberty St","","Yes"
"11-4-26","347 LIBERTY ST - 347 Liberty St","","Yes"
"11-4-28","343 LIBERTY ST - 343 Liberty St","","Yes"
"11-4-3","411 LIBERTY ST - 411 Liberty St","","Yes"
"11-4-31","333 LIBERTY ST - 333 Liberty St","","Yes"
"11-4-32","327 LIBERTY ST - 327 Liberty St","","Yes"
"11-4-5","405 LIBERTY ST - 405 Liberty St","","Yes"
"11-5-15","134 SOUTH ST - 134 South St","","Yes"
"11-5-17","138 SOUTH ST - 138 South St","","Yes"
"11-5-2","9 GIDNEY AVE - 9 Gidney Ave","","Yes"
"11-5-24","194 CHAMBERS ST - 194 Chambers St","","Yes"
"11-5-3","7 GIDNEY AVE - 7 Gidney Ave","","Yes"
"11-5-8","315 LIBERTY ST - 315 Liberty St","","Yes"
"11-5-9","311 LIBERTY ST - 311 Liberty St","","Yes"
"1-2-1","1-2 WILLIAMSBURG DR - 1-2 Williamsburg Dr","","Yes"
"12-1-1","269 GRAND ST - 269 Grand St","","Yes"
"12-1-10","245 GRAND ST - 245 Grand St","","Yes"
"12-1-11","243 GRAND ST - 243 Grand St","","Yes"
"12-1-14","326 LIBERTY ST - 326 Liberty St","","Yes"
"1-2-12","23-24 WILLIAMSBURG DR - 23-24 Williamsburg Dr","","Yes"
"12-1-4","263 GRAND ST - 263 Grand St","","Yes"
"1-2-18","35-36 WILLIAMSBURG DR - 35-36 Williamsburg Dr","","Yes"
"12-2-14","228 A GRAND ST - 228 A Grand St","","Yes"
"12-2-21","246 GRAND ST - 246 Grand St","","Yes"
"1-2-28","55-56 WILLIAMSBURG DR - 55-56 Williamsburg Dr","","Yes"
"12-3-11","180 MONTGOMERY ST - 180 Montgomery St","","Yes"
"1-2-5","9-10 WILLIAMSBURG DR - 9-10 Williamsburg Dr","","Yes"
"13-10-4","317 DUPONT AVE - 317 Dupont Ave","","Yes"
"13-11-4","22 VANAMEE ST - 22 Vanamee St","","Yes"
"13-2-3.1","805 SOUTH ST - 805 South St","","Yes"
"13-2-4","803 SOUTH ST - 803 South St","","Yes"
"13-3-15","2 VAN CLEFT AVE - 2 Van Cleft Ave","","Yes"
"13-3-18","10 VAN CLEFT AVE - 10 Van Cleft Ave","","Yes"
"13-4-2","11 VAN CLEFT AVE - 11 Van Cleft Ave","","Yes"
"13-5-9","139 WISNER AVE - 139 Wisner Ave","","Yes"
"13-7-34","22 THOMPSON ST - 22 Thompson St","","Yes"
"13-7-39","64 THOMPSON ST - 64 Thompson St","","Yes"
"14-1-22","34 HAWTHORNE AVE - 34 Hawthorne Ave","","Yes"
"14-2-31.1","62 SHIPP ST - 62 Shipp St","","Yes"
"14-3-64.2","132 ORCHARD ST - 132 Orchard St","","Yes"
"14-3-70.12","2 MONROE ST - 2 Monroe St","","Yes"
"14-3-9.1","545 SOUTH ST - 545 South St","","Yes"
"15-1-12","11 RICHMAN AVE - 11 Richman Ave","","Yes"
"15-1-14.1","7 RICHMAN AVE - 7 Richman Ave","","Yes"
"15-1-29","154 WEST ST - 154 West St","","Yes"
"15-2-3","459 SOUTH ST - 459 South St","","Yes"
"15-2-30","34 RICHMAN AVE - 34 Richman Ave","","Yes"
"15-2-31","36 RICHMAN AVE - 36 Richman Ave","","Yes"
"15-2-4","451 SOUTH ST - 451 South St","","Yes"
"15-2-9","65 VALLEY AVE - 65 Valley Ave","","Yes"
"15-3-10","62 VALLEY AVE - 62 Valley Ave","","Yes"
"15-3-12","72 VALLEY AVE - 72 Valley Ave","","Yes"
"15-5-1","181 FULLERTON AVE - 181 Fullerton Ave","","Yes"
"15-5-3","173 FULLERTON AVE - 173 Fullerton Ave","","Yes"
"15-6-8","119 FULLERTON AVE - 119 Fullerton Ave","","Yes"
"16-11-1","71 TOWNSEND AVE - 71 Townsend Ave","","Yes"
"16-11-41","138 PROSPECT ST - 138 Prospect St","","Yes"
"16-11-42","140 PROSPECT ST - 140 Prospect St","","Yes"
"16-12-11","46 TOWNSEND AVE - 46 Townsend Ave","","Yes"
"16-12-2","66 TOWNSEND AVE - 66 Townsend Ave","","Yes"
"16-12-8","54 TOWNSEND AVE - 54 Townsend Ave","","Yes"
"16-13-19.2","107 ROBINSON AVE - 107 Robinson Ave","","Yes"
"16-3-12","12 WILSON ST - 12 Wilson St","","Yes"
"16-3-4","173 PROSPECT ST - 173 Prospect St","","Yes"
"16-5-11","2 LILLY ST - 2 Lilly St","","Yes"
"16-5-4","35 BUSH AVE - 35 Bush Ave","","Yes"
"16-8-16","350 THIRD ST - 350 Third St","","Yes"
"16-8-29","8 BUSH AVE - 8 Bush Ave","","Yes"
"16-8-30","10 BUSH AVE - 10 Bush Ave","","Yes"
"16-8-7","1 NORTON ST - 1 Norton St","","Yes"
"17-3-1","214 PROSPECT ST - 214 Prospect St","","Yes"
"17-3-16","318 SOUTH ST - 318 South St","","Yes"
"17-4-2","185 GIDNEY AVE - 185 Gidney Ave","","Yes"
"17-7-4","121 GIDNEY AVE - 121 Gidney Ave","","Yes"
"17-8-2","95 GIDNEY AVE - 95 Gidney Ave","","Yes"
"17-8-23","214 CITY TER - 214 City Ter","","Yes"
"17-8-25","224 CITY TER - 224 City Ter","","Yes"
"17-8-27","230 CITY TER - 230 City Ter","","Yes"
"18-10-1","120 JOHNSTON ST","","Yes"
"18-10-11","110 JOHNSTON ST - 110 Johnston St","","Yes"
"18-10-12","112 JOHNSTON ST - 112 Johnston St","","Yes"
"18-10-13","114 JOHNSTON ST - 114 Johnston St","","Yes"
"18-10-14","116 JOHNSTON ST - 116 Johnston St","","Yes"
"18-10-5.2","116 LANDER ST - 116 Lander St","","Yes"
"18-10-7","146 THIRD ST - 146 Third St","","Yes"
"18-10-8","150 THIRD ST - 150 Third St","","Yes"
"18-10-9","152 THIRD ST - 152 Third St","","Yes"
"18-11-10","55 FARRINGTON ST - 55 Farrington St","","Yes"
"18-11-13","119 JOHNSTON ST - 119 Johnston St","","Yes"
"18-11-15","115 JOHNSTON ST - 115 Johnston St","","Yes"
"18-11-16","113 JOHNSTON ST - 113 Johnston St","","Yes"
"18-11-17","111 JOHNSTON ST - 111 Johnston St","","Yes"
"18-11-18","109 JOHNSTON ST - 109 Johnston St","","Yes"
"18-1-14","145 N MILLER ST - 145 N Miller St","","Yes"
"18-11-7","61 FARRINGTON ST - 61 Farrington St","","Yes"
"18-1-23","118 DUBOIS ST - 118 Dubois St","","Yes"
"18-1-27","128 DUBOIS ST - 128 Dubois St","","Yes"
"18-1-3","199 SOUTH ST - 199 South St","","Yes"
"18-1-5","167 N MILLER ST - 167 N Miller St","","Yes"
"18-1-6","162 DUBOIS ST - 162 Dubois St","","Yes"
"18-1-7","163 N MILLER ST - 163 N Miller St","","Yes"
"18-2-12","145 JOHNSTON ST - 145 Johnston St","","Yes"
"18-2-13","143 JOHNSTON ST - 143 Johnston St","","Yes"
"18-2-19","131 JOHNSTON ST - 131 Johnston St","","Yes"
"18-2-2","169 JOHNSTON ST - 169 Johnston St","","Yes"
"18-2-20","129 JOHNSTON ST - 129 Johnston St","","Yes"
"18-2-21","127 JOHNSTON ST - 127 Johnston St","","Yes"
"18-2-22","125 JOHNSTON ST - 125 Johnston St","","Yes"
"18-2-36","162 N MILLER ST - 162 N Miller St","","Yes"
"18-2-42","191 SOUTH ST - 191 South St","","Yes"
"18-2-8","157 JOHNSTON ST - 157 Johnston St","","Yes"
"18-3-12","160 LANDER ST - 160 Lander St","","Yes"
"18-3-14","156 LANDER ST - 156 Lander St","","Yes"
"18-3-16","152 LANDER ST - 152 Lander St","","Yes"
"18-3-17","150 LANDER ST - 150 Lander St","","Yes"
"18-3-31","42 FARRINGTON ST - 42 Farrington St","","Yes"
"18-3-41","144 JOHNSTON ST - 144 Johnston St","","Yes"
"18-3-44","150 JOHNSTON ST - 150 Johnston St","","Yes"
"18-3-45","152 JOHNSTON ST - 152 Johnston St","","Yes"
"18-3-46","154 JOHNSTON ST - 154 Johnston St","","Yes"
"18-3-8","168 LANDER ST - 168 Lander St","","Yes"
"18-4-10","157 CHAMBERS ST - 157 Chambers St","","Yes"
"18-4-17","145 CHAMBERS ST - 145 Chambers St","","Yes"
"18-4-18","143 CHAMBERS ST - 143 Chambers St","","Yes"
"18-4-19","141 CHAMBERS ST - 141 Chambers St","","Yes"
"18-4-20","139 CHAMBERS ST - 139 Chambers St","","Yes"
"18-4-21","137 CHAMBERS ST - 137 Chambers St","","Yes"
"18-4-22","135 CHAMBERS ST - 135 Chambers St","","Yes"
"18-4-25","129 CHAMBERS ST - 129 Chambers St","","Yes"
"18-4-26","127 CHAMBERS ST - 127 Chambers St","","Yes"
"18-4-33","131 LANDER ST - 131 Lander St","","Yes"
"18-4-34","133 LANDER ST - 133 Lander St","","Yes"
"18-4-35","135 LANDER ST - 135 Lander St","","Yes"
"18-4-36","137 LANDER ST - 137 Lander St","","Yes"
"18-4-37","139 LANDER ST - 139 Lander St","","Yes"
"18-4-4","169 CHAMBERS ST - 169 Chambers St","","Yes"
"18-4-5","167 CHAMBERS ST - 167 Chambers St","","Yes"
"18-4-7","163 CHAMBERS ST - 163 Chambers St","","Yes"
"18-5-10","271 LIBERTY ST - 271 Liberty St","","Yes"
"18-5-11","269 LIBERTY ST - 269 Liberty St","","Yes"
"18-5-14","263 LIBERTY ST - 263 Liberty St","","Yes"
"18-5-17","6 FARRINGTON ST - 6 Farrington St","","Yes"
"18-5-19","10 FARRINGTON ST - 10 Farrington St","","Yes"
"18-5-2","299 LIBERTY ST - 299 Liberty St","","Yes"
"18-5-21","14 FARRINGTON ST - 14 Farrington St","","Yes"
"18-5-22","16 FARRINGTON ST - 16 Farrington St","","Yes"
"18-5-23","132 CHAMBERS ST - 132 Chambers St","","Yes"
"18-5-27","140 CHAMBERS ST - 140 Chambers St","","Yes"
"18-6-10","189 GRAND ST - 189 Grand St","","Yes"
"18-6-24","250 LIBERTY ST - 250 Liberty St","","Yes"
"18-6-26","254 LIBERTY ST - 254 Liberty St","","Yes"
"18-6-3","117 SOUTH ST - 117 South St","","Yes"
"18-6-30","260 LIBERTY ST - 260 Liberty St","","Yes"
"18-6-38","282 LIBERTY ST - 282 Liberty St","","Yes"
"18-6-4","115 SOUTH ST - 115 South St","","Yes"
"18-6-42","290 LIBERTY ST - 290 Liberty St","","Yes"
"18-7-7","145 GRAND ST - 145 Grand St","","Yes"
"18-8-1.1","257 LIBERTY ST - 257 Liberty St","","Yes"
"18-8-2","245 LIBERTY ST - 245 Liberty St","","Yes"
"18-9-10","109 CHAMBERS ST - 109 Chambers St","","Yes"
"18-9-12.11","128 THIRD ST - 128 Third St","","Yes"
"18-9-17","140 THIRD ST - 140 Third St","","Yes"
"18-9-19","111 LANDER ST - 111 Lander St","","Yes"
"18-9-2","25 FARRINGTON ST - 25 Farrington St","","Yes"
"18-9-21","115 LANDER ST - 115 Lander St","","Yes"
"18-9-22","117 LANDER ST - 117 Lander St","","Yes"
"18-9-23","119 LANDER ST - 119 Lander St","","Yes"
"18-9-24","121 LANDER ST - 121 Lander St","","Yes"
"18-9-9","111 CHAMBERS ST - 111 Chambers St","","Yes"
"19-1-19","99 MONTGOMERY ST - 99 Montgomery St","","Yes"
"19-1-25","134 GRAND ST - 134 Grand St","","Yes"
"19-1-7","129 MONTGOMERY ST - 129 Montgomery St","","Yes"
"20-1-11","433 THIRD ST - 433 Third St","","Yes"
"20-1-2","451 THIRD ST - 451 Third St","","Yes"
"20-2-9","407 THIRD ST - 407 Third St","","Yes"
"2-10-15","15 FLEMMING DR - 15 Flemming Dr","","Yes"
"2-10-27","26 SHERMAN DR - 26 Sherman Dr","","Yes"
"2-10-8","29 FLEMMING DR - 29 Flemming Dr","","Yes"
"21-1-12","18 UNDERHILL PL - 18 Underhill Pl","","Yes"
"21-1-26","70 FULLERTON AVE - 70 Fullerton Ave","","Yes"
"21-1-4","373 THIRD ST - 373 Third St","","Yes"
"21-4-8","78 PROSPECT ST - 78 Prospect St","","Yes"
"22-1-10","269 THIRD ST - 269 Third St","","Yes"
"22-1-17","251 THIRD ST - 251 Third St","","Yes"
"22-1-19","93 CARPENTER AVE - 93 Carpenter Ave","","Yes"
"22-1-22","85 CARPENTER AVE - 85 Carpenter Ave","","Yes"
"22-1-27","74 CARTER ST - 74 Carter St","","Yes"
"22-1-3","287 THIRD ST - 287 Third St","","Yes"
"22-1-37","96 CARTER ST - 96 Carter St","","Yes"
"22-2-1","243 THIRD ST - 243 Third St","","Yes"
"22-2-10","223 THIRD ST - 223 Third St","","Yes"
"22-2-11","221 THIRD ST - 221 Third St","","Yes"
"22-2-15","213 THIRD ST - 213 Third St","","Yes"
"22-2-7","229 THIRD ST - 229 Third St","","Yes"
"22-2-8","227 THIRD ST - 227 Third St","","Yes"
"22-2-9","225 THIRD ST - 225 Third St","","Yes"
"22-3-15","84 CITY TER - 84 City Ter","","Yes"
"22-3-17","90 CITY TER - 90 City Ter","","Yes"
"22-5-10","31 CARTER ST - 31 Carter St","","Yes"
"22-5-21","234 FIRST ST - 234 First St","","Yes"
"22-5-22","236 FIRST ST - 236 First St","","Yes"
"22-5-23","238-240 FIRST ST - 238-240 First St","","Yes"
"22-5-25","244 FIRST ST - 244 First St","","Yes"
"22-5-32","258 FIRST ST - 258 First St","","Yes"
"22-5-33","260 FIRST ST - 260 First St","","Yes"
"22-6-30","292 FIRST ST - 292 First St","","Yes"
"2-3-1","1 PLEASANT PL - 1 Pleasant Pl","","Yes"
"23-2-11","78 LANDER ST - 78 Lander St","","Yes"
"23-2-12","76 LANDER ST - 76 Lander St","","Yes"
"23-2-13","62 CAMPBELL ST - 62 Campbell St","","Yes"
"23-2-14","64 CAMPBELL ST - 64 Campbell St","","Yes"
"23-2-15","66 CAMPBELL ST - 66 Campbell St","","Yes"
"23-2-16","68 CAMPBELL ST - 68 Campbell St","","Yes"
"23-2-17","82 JOHNSTON ST - 82 Johnston St","","Yes"
"23-2-18","84 JOHNSTON ST - 84 Johnston St","","Yes"
"23-2-5","90 LANDER ST - 90 Lander St","","Yes"
"23-2-7","86 LANDER ST - 86 Lander St","","Yes"
"23-2-8","84 LANDER ST - 84 Lander St","","Yes"
"23-3-14","77 CHAMBERS ST - 77 Chambers St","","Yes"
"23-3-15","77 LANDER ST - 77 Lander St","","Yes"
"23-3-19","85 LANDER ST - 85 Lander St","","Yes"
"2-3-3.2","5 Pleasant Pl","","Yes"
"23-3-23","93 LANDER ST - 93 Lander St","","Yes"
"23-3-4","133 THIRD ST - 133 Third St","","Yes"
"23-3-6","129 THIRD ST - 129 Third St","","Yes"
"23-3-8","93 CHAMBERS ST - 93 Chambers St","","Yes"
"23-4-5","233 LIBERTY ST - 233 Liberty St","","Yes"
"23-5-3","205 LIBERTY ST - 205 Liberty St","","Yes"
"23-5-4","203 LIBERTY ST - 203 Liberty St","","Yes"
"23-5-8","128 FIRST ST - 128 First St","","Yes"
"23-6-11","49 LANDER ST - 49 Lander St","","Yes"
"23-6-14","55 LANDER ST - 55 Lander St","","Yes"
"23-6-15","57 LANDER ST - 57 Lander St","","Yes"
"23-6-16.1","59 LANDER ST - 59 Lander St","","Yes"
"23-6-18","63 LANDER ST - 63 Lander St","","Yes"
"23-6-22.1","71 LANDER ST - 71 Lander St","","Yes"
"23-7-17","164 FIRST ST - 164 First St","","Yes"
"23-7-20","64 JOHNSTON ST - 64 Johnston St","","Yes"
"23-7-22","68 JOHNSTON ST - 68 Johnston St","","Yes"
"23-7-23","70 JOHNSTON ST - 70 Johnston St","","Yes"
"23-7-24","72 JOHNSTON ST - 72 Johnston St","","Yes"
"23-7-5","74 LANDER ST - 74 Lander St","","Yes"
"23-7-6","72 LANDER ST - 72 Lander St","","Yes"
"23-7-9","66 LANDER ST - 66 Lander St","","Yes"
"24-2-17","120 GRAND ST - 120 Grand St","","Yes"
"25-1-51","84 MAPLE ST - 84 Maple St","","Yes"
"25-1-62","87 MAPLE ST - 87 Maple St","","Yes"
"25-1-8","15 WHITE ST - 15 White St","","Yes"
"25-2-14","7 OAK ST - 7 Oak St","","Yes"
"25-2-34","46 POPLAR ST - 46 Poplar St","","Yes"
"25-2-35","48 POPLAR ST - 48 Poplar St","","Yes"
"25-3-15","15 POPLAR ST - 15 Poplar St","","Yes"
"25-3-35","16 MAPLE ST - 16 Maple St","","Yes"
"25-4-18","11 MAPLE ST - 11 Maple St","","Yes"
"25-4-36.1","730 BROADWAY - 730 Broadway","","Yes"
"25-4-40","746 BROADWAY - 746 Broadway","","Yes"
"25-4-42","750 BROADWAY - 750 Broadway","","Yes"
"25-6-9","13 CHESTNUT ST - 13 Chestnut St","","Yes"
"25-7-19","10 MCDOWELL PL - 10 Mcdowell Pl","","Yes"
"25-7-7","11 NOTT PL - 11 Nott Pl","","Yes"
"25-7-8","13 NOTT PL - 13 Nott Pl","","Yes"
"26-1-25","109 DUPONT AVE - 109 Dupont Ave","","Yes"
"26-1-31","97 DUPONT AVE - 97 Dupont Ave","","Yes"
"26-2-24.1","96 DUPONT AVE - 96 Dupont Ave","","Yes"
"2-6-3","3 KINGSLEY PL - 3 Kingsley Pl","","Yes"
"26-3-19","2 WILKIN ST - 2 Wilkin St","","Yes"
"26-3-25","8 LARTER AVE - 8 Larter Ave","","Yes"
"26-3-67","133 ORCHARD ST - 133 Orchard St","","Yes"
"26-6-4","75 GROVE ST - 75 Grove St","","Yes"
"26-6-8","59 GROVE ST - 59 Grove St","","Yes"
"26-7-21","68 GROVE ST - 68 Grove St","","Yes"
"26-7-24","74 GROVE ST - 74 Grove St","","Yes"
"27-1-42","252 VAN NESS ST - 252 Van Ness St","","Yes"
"27-1-46","262 VAN NESS ST - 262 Van Ness St","","Yes"
"27-1-50","274 VAN NESS ST - 274 Van Ness St","","Yes"
"27-1-56","36 WEST ST - 36 West St","","Yes"
"27-2-3","277 VAN NESS ST - 277 Van Ness St","","Yes"
"28-1-16","379 FIRST ST - 379 First St","","Yes"
"28-1-19","373 FIRST ST - 373 First St","","Yes"
"28-3-24","370 BROADWAY - 370 Broadway","","Yes"
"29-10-2","242 BROADWAY - 242 Broadway","","Yes"
"29-1-10","49 CONCORD ST - 49 Concord St","","Yes"
"29-1-7","289 FIRST ST - 289 First St","","Yes"
"29-1-8","287 FIRST ST - 287 First St","","Yes"
"29-2-18","70 VAN NESS ST - 70 Van Ness St","","Yes"
"29-2-19","72 VAN NESS ST - 72 Van Ness St","","Yes"
"29-2-20","74 VAN NESS ST - 74 Van Ness St","","Yes"
"29-2-26","42 CONCORD ST - 42 Concord St","","Yes"
"29-2-4","273 FIRST ST - 273 First St","","Yes"
"29-3-12","41 LUTHERAN ST - 41 Lutheran St","","Yes"
"29-3-13","39 LUTHERAN ST - 39 Lutheran St","","Yes"
"29-3-17","31 LUTHERAN ST - 31 Lutheran St","","Yes"
"29-3-20","25 LUTHERAN ST - 25 Lutheran St","","Yes"
"29-3-28","30 CARPENTER AVE - 30 Carpenter Ave","","Yes"
"29-3-8","247 FIRST ST - 247 First St","","Yes"
"29-3-9","245 FIRST ST - 245 First St","","Yes"
"29-4-15","35 CITY TER - 35 City Ter","","Yes"
"29-4-16","33 CITY TER - 33 City Ter","","Yes"
"29-4-17","31 CITY TER - 31 City Ter","","Yes"
"29-4-19","27 CITY TER - 27 City Ter","","Yes"
"29-4-20","25 CITY TER - 25 City Ter","","Yes"
"29-4-27","32 LUTHERAN ST - 32 Lutheran St","","Yes"
"29-4-32","42 LUTHERAN ST - 42 Lutheran St","","Yes"
"29-4-4","233 FIRST ST - 233 First St","","Yes"
"29-4-7","55 CITY TER - 55 City Ter","","Yes"
"29-5-16","39 DUBOIS ST - 39 Dubois St","","Yes"
"29-5-18","35 DUBOIS ST - 35 Dubois St","","Yes"
"29-5-2","221 FIRST ST - 221 First St","","Yes"
"29-5-20","31 DUBOIS ST - 31 Dubois St","","Yes"
"29-5-25","10 VAN NESS ST - 10 Van Ness St","","Yes"
"29-5-26","12 VAN NESS ST - 12 Van Ness St","","Yes"
"29-5-30","28 CITY TERR - 28 City Terr","","Yes"
"29-5-39","50 CITY TER - 50 City Ter","","Yes"
"29-5-6","215 FIRST ST - 215 First St","","Yes"
"29-5-7","57 DUBOIS ST - 57 Dubois St","","Yes"
"29-7-6","196 BROADWAY - 196 Broadway","","Yes"
"29-8-2","17 CITY TER - 17 City Ter","","Yes"
"29-8-6","214 BROADWAY - 214 Broadway","","Yes"
"29-8-7","216 BROADWAY - 216 Broadway","","Yes"
"29-9-6","15 LUTHERAN ST - 15 Lutheran St","","Yes"
"29-9-8","11 LUTHERAN ST - 11 Lutheran St","","Yes"
"30-1-10","39 S MILLER ST - 39 S Miller St","","Yes"
"30-1-17","25 S MILLER ST - 25 S Miller St","","Yes"
"30-1-18","23 S MILLER ST - 23 S Miller St","","Yes"
"30-1-23","13 S MILLER ST - 13 S Miller St","","Yes"
"30-1-24","11 S MILLER ST - 11 S Miller St","","Yes"
"30-1-25","9 S MILLER ST - 9 S Miller St","","Yes"
"30-1-50","52 DUBOIS ST - 52 Dubois St","","Yes"
"30-1-6","47 S MILLER ST - 47 S Miller St","","Yes"
"30-2-1","193 FIRST ST - 193 First St","","Yes"
"30-2-10","43 JOHNSTON ST - 43 Johnston St","","Yes"
"30-2-13","33 JOHNSTON ST - 33 Johnston St","","Yes"
"30-2-16","27 JOHNSTON ST - 27 Johnston St","","Yes"
"30-2-17","25 JOHNSTON ST - 25 Johnston St","","Yes"
"30-2-20","19 JOHNSTON ST - 19 Johnston St","","Yes"
"30-2-21","17 JOHNSTON ST - 17 Johnston St","","Yes"
"30-2-33","12 S MILLER ST - 12 S Miller St","","Yes"
"30-2-47","40 S MILLER ST - 40 S Miller St","","Yes"
"30-2-48","42 S MILLER ST - 42 S Miller St","","Yes"
"30-2-49","44 S MILLER ST - 44 S Miller St","","Yes"
"30-2-51","48 S MILLER ST - 48 S Miller St","","Yes"
"30-2-52","50 S MILLER ST - 50 S Miller St","","Yes"
"30-2-8","47 JOHNSTON ST - 47 Johnston St","","Yes"
"30-2-9","45 JOHNSTON ST - 45 Johnston St","","Yes"
"30-3-12","38 LANDER ST - 38 Lander St","","Yes"
"30-3-13","36 LANDER ST - 36 Lander St","","Yes"
"30-3-14","34 LANDER ST - 34 Lander St","","Yes"
"30-3-20","18 LANDER ST - 18 Lander St","","Yes"
"30-3-34","10 JOHNSTON ST - 10 Johnston St","","Yes"
"30-3-5","52 LANDER ST - 52 Lander St","","Yes"
"30-4-1","47 LANDER ST - 47 Lander St","","Yes"
"30-4-19","29 CHAMBERS ST - 29 Chambers St","","Yes"
"30-4-27","126 BROADWAY - 126 Broadway","","Yes"
"30-4-33","33 LANDER ST - 33 Lander St","","Yes"
"30-4-39","45 A LANDER ST - 45 A Lander St","","Yes"
"30-4-4","145 FIRST ST - 145 First St","","Yes"
"30-5-1","56 CHAMBERS ST - 56 Chambers St","","Yes"
"30-5-19","157 LIBERTY ST - 157 Liberty St","","Yes"
"30-5-2","129 FIRST ST - 129 First St","","Yes"
"30-5-22","96 BROADWAY","","Yes"
"30-5-29","112 BROADWAY - 112 Broadway","","Yes"
"30-5-34","30 CHAMBERS ST - 30 Chambers St","","Yes"
"30-5-44","52 CHAMBERS ST - 52 Chambers St","","Yes"
"30-5-5","185 LIBERTY ST - 185 Liberty St","","Yes"
"3-10-10","4 HAMPTON PL - 4 Hampton Pl","","Yes"
"3-10-2","1 HAMPTON PL - 1 Hampton Pl","","Yes"
"31-1-23","184 LIBERTY ST - 184 Liberty St","","Yes"
"3-12-13","220 NORTH ST - 220 North St","","Yes"
"31-2-13.2","54 GRAND ST - 54 Grand St","","Yes"
"31-2-15.1","74 BROADWAY - 74 Broadway","","Yes"
"3-12-16","238 NORTH ST - 238 North St","","Yes"
"31-2-18","48 GRAND ST - 48 Grand St","","Yes"
"32-1-15","250 LITTLE BRITAIN RD REAR - 250 Little Britain Rd Rear","","Yes"
"32-1-16.11","250 LITTLE BRITAIN RD - 250 Little Britain Rd","","Yes"
"32-1-4","10 LOCUST ST - 10 Locust St","","Yes"
"32-1-8","41 WISNER AVE - 41 Wisner Ave","","Yes"
"32-1-9.21","35 WISNER AVE - 35 Wisner Ave","","Yes"
"3-3-1","18 JAMISON PL - 18 Jamison Pl","","Yes"
"3-4-10","116 NORTH ST - 116 North St","","Yes"
"34-2-19","315 BROADWAY - 315 Broadway","","Yes"
"34-2-5","371 BROADWAY - 371 Broadway","","Yes"
"34-3-21","318 WASHINGTON ST - 318 Washington St","","Yes"
"34-3-22","320 WASHINGTON ST - 320 Washington St","","Yes"
"34-3-23","322 WASHINGTON ST - 322 Washington St","","Yes"
"34-3-24","324 WASHINGTON ST - 324 Washington St","","Yes"
"34-3-27","334 WASHINGTON ST - 334 Washington St","","Yes"
"34-3-39","364 WASHINGTON ST - 364 Washington St","","Yes"
"35-1-19","288 ANN ST - 288 Ann St","","Yes"
"35-2-23","197 BROADWAY - 197 Broadway","","Yes"
"35-2-26","196 ANN ST - 196 Ann St","","Yes"
"35-3-14","16 WILLIAM ST - 16 William St","","Yes"
"35-3-17.1","26 WILLIAM ST - 26 William St","","Yes"
"35-3-31","248 WASHINGTON ST - 248 Washington St","","Yes"
"35-3-32","250 WASHINGTON ST - 250 Washington St","","Yes"
"35-3-5","255 ANN ST - 255 Ann St","","Yes"
"35-3-7","247 ANN ST - 247 Ann St","","Yes"
"35-4-9","274 WASHINGTON ST - 274 Washington St","","Yes"
"36-1-4.1","181 BROADWAY - 181 Broadway","","Yes"
"36-2-1","175 BROADWAY - 175 Broadway","","Yes"
"36-4-16","104 WASHINGTON ST - 104 Washington St","","Yes"
"36-5-10","156 WASHINGTON ST - 156 Washington St","","Yes"
"36-5-13","162 WASHINGTON ST - 162 Washington St","","Yes"
"36-5-14","166 WASHINGTON ST - 166 Washington St","","Yes"
"36-5-17","31 CLARK ST - 31 Clark St","","Yes"
"36-5-9","15 S JOHNSTON ST - 15 S Johnston St","","Yes"
"36-6-1","15 WILLIAM ST - 15 William St","","Yes"
"36-6-10","17 WILLIAM ST - 17 William St","","Yes"
"36-6-4","178 WASHINGTON ST - 178 Washington St","","Yes"
"36-6-8","21 WILLIAM ST - 21 William St","","Yes"
"36-6-9","19 WILLIAM ST - 19 William St","","Yes"
"37-7-18","6 GRAND ST - 6 Grand St","","Yes"
"38-1-15","190 W PARMENTER ST - 190 W Parmenter St","","Yes"
"38-1-26","196 A W PARMENTER ST - 196 A W Parmenter St","","Yes"
"38-2-29","203 WASHINGTON ST - 203 Washington St","","Yes"
"38-2-32","38 WILLIAM ST - 38 William St","","Yes"
"38-2-33","40 WILLIAM ST - 40 William St","","Yes"
"38-2-42","120 W PARMENTER ST - 120 W Parmenter St","","Yes"
"3-8-3.1","14 A&B COTTAGE AVE - 14 A&B Cottage Ave","","Yes"
"38-3-24","117 W PARMENTER ST - 117 W Parmenter St","","Yes"
"38-3-29.1","105 W PARMENTER ST - 105 W Parmenter St","","Yes"
"38-3-30","56 WILLIAM ST - 56 William St","","Yes"
"38-3-31","58 WILLIAM ST - 58 William St","","Yes"
"38-3-46","36 HASBROUCK ST - 36 Hasbrouck St","","Yes"
"38-3-50","44 HASBROUCK ST - 44 Hasbrouck St","","Yes"
"38-4-17","37 HASBROUCK ST - 37 Hasbrouck St","","Yes"
"38-4-2","71 HASBROUCK ST - 71 Hasbrouck St","","Yes"
"38-4-23","23 HASBROUCK ST - 23 Hasbrouck St","","Yes"
"38-4-25","19 HASBROUCK ST - 19 Hasbrouck St","","Yes"
"38-4-53","230 S WILLIAM ST - 230 S William St","","Yes"
"38-4-59.1","242 S WILLIAM ST - 242 S William St","","Yes"
"38-4-68","75 MILL ST - 75 Mill St","","Yes"
"3-8-7","131 NORTH ST - 131 North St","","Yes"
"3-9-1","7 COTTAGE AVE - 7 Cottage Ave","","Yes"
"3-9-10","419 CARPENTER AVE - 419 Carpenter Ave","","Yes"
"39-2-11","143 WASHINGTON ST - 143 Washington St","","Yes"
"39-2-15","7 S LANDER ST - 7 S Lander St","","Yes"
"39-2-18","91 WILLIAM ST - 91 William St","","Yes"
"39-2-20","87 WILLIAM ST - 87 William St","","Yes"
"39-2-21","85 WILLIAM ST - 85 William St","","Yes"
"39-2-23","79 WILLIAM ST - 79 William St","","Yes"
"39-2-24","77 WILLIAM ST - 77 William St","","Yes"
"39-2-25","69 WILLIAM ST - 69 William St","","Yes"
"3-9-27","324 ROBINSON AVE - 324 Robinson Ave","","Yes"
"3-9-28","326 ROBINSON AVE - 326 Robinson Ave","","Yes"
"3-9-29","334 ROBINSON AVE - 334 Robinson Ave","","Yes"
"39-4-32","40 SPRING ST - 40 Spring St","","Yes"
"3-9-5","31 COTTAGE AVE - 31 Cottage Ave","","Yes"
"39-5-1","35 SPRING ST - 35 Spring St","","Yes"
"39-5-14","67 LIBERTY ST - 67 Liberty St","","Yes"
"39-5-23","47-49 LIBERTY ST - 47-49 Liberty St","","Yes"
"39-5-26","41 LIBERTY ST - 41 Liberty St","","Yes"
"39-5-32","126 S WILLIAM ST - 126 S William St","","Yes"
"39-5-4","29 SPRING ST - 29 Spring St","","Yes"
"39-5-8","17 SPRING ST - 17 Spring St","","Yes"
"4-10-15","405 GRAND ST - 405 Grand St","","Yes"
"4-10-20","496 LIBERTY ST - 496 Liberty St","","Yes"
"4-10-25","508 LIBERTY ST - 508 Liberty St","","Yes"
"4-10-30","520 LIBERTY ST - 520 Liberty St","","Yes"
"4-10-4","70 LEROY PL - 70 Leroy Pl","","Yes"
"4-1-21","440 POWELL AVE - 440 Powell Ave","","Yes"
"41-2-13.1","3 CORWIN CT - 3 Corwin Ct","","Yes"
"42-2-2.1","101 ELLIS AVE - 101 Ellis Ave","","Yes"
"43-1-18","128 ROBINSON AVE - 128 S Robinson Ave","","Yes"
"43-1-19","146 S ROBINSON AVE - 146 S Robinson Ave","","Yes"
"4-3-12","8 CENTRAL AVE - 8 Central Ave","","Yes"
"43-1-24.11","170 S ROBINSON AVE - 170 S Robinson Ave","","Yes"
"43-1-27","8 DEYO PL - 8 Deyo Pl","","Yes"
"4-3-3","577 LIBERTY ST - 577 Liberty St","","Yes"
"4-3-4","575 LIBERTY ST - 575 Liberty St","","Yes"
"44-2-13","104-106 WILLIAM ST - 104-106 William St","","Yes"
"44-2-7","193 S WILLIAM ST - 193 S William St","","Yes"
"44-3-15","118 WILLIAM ST - 118 William St","","Yes"
"44-3-17","122 WILLIAM ST - 122 William St","","Yes"
"44-3-18","124 WILLIAM ST - 124 William St","","Yes"
"44-3-19","126 WILLIAM ST - 126 William St","","Yes"
"44-3-20","128 WILLIAM ST - 128 William St","","Yes"
"44-3-29","216 RENWICK ST - 216 Renwick St","","Yes"
"44-3-34","39 AVOCA ST - 39 Avoca St","","Yes"
"44-4-6","13 BRIDGE ST - 13 Bridge St","","Yes"
"44-5-20","202 OVERLOOK PL - 202 Overlook Pl","","Yes"
"44-6-10","221 RENWICK ST - 221 Renwick St","","Yes"
"44-6-18","20 BRIDGE ST - 20 Bridge St","","Yes"
"44-7-9","256 RENWICK ST - 256 Renwick St","","Yes"
"45-10-11","136 S CLARK ST - 136 S Clark St","","Yes"
"45-10-16","126 CARSON AVE - 126 Carson Ave","","Yes"
"45-10-18","130 CARSON AVE - 130 Carson Ave","","Yes"
"45-10-26","139 WILLIAM ST - 139 William St","","Yes"
"45-10-30","131 WILLIAM ST - 131 William St","","Yes"
"45-10-8","177 RENWICK ST - 177 Renwick St","","Yes"
"45-1-12","105 WILLIAM ST - 105 William St","","Yes"
"45-1-13","103 WILLIAM ST - 103 William St","","Yes"
"45-12-13.1","123 RENWICK ST - 123 Renwick St","","Yes"
"45-12-17","82 CARSON AVE - 82 Carson Ave","","Yes"
"45-12-18","84 CARSON AVE - 84 Carson Ave","","Yes"
"45-12-22","96 CARSON AVE - 96 Carson Ave","","Yes"
"45-12-6","139 RENWICK ST - 139 Renwick St","","Yes"
"45-13-10","39 BENKARD AVE - 39 Benkard Ave","","Yes"
"45-13-23","142 RENWICK ST - 142 Renwick St","","Yes"
"45-13-24","144 RENWICK ST - 144 Renwick St","","Yes"
"45-13-25","8 LITTLE MONUMENT ST - 8 Little Monument St","","Yes"
"45-13-9","41 BENKARD AVE - 41 Benkard Ave","","Yes"
"45-14-11","146 RENWICK ST - 146 Renwick St","","Yes"
"45-14-16","172 RENWICK ST - 172 Renwick St","","Yes"
"45-15-1","113 WILLIAM ST - 113 William St","","Yes"
"45-15-10","182 RENWICK ST - 182 Renwick St","","Yes"
"45-15-14","125 WILLIAM ST - 125 William St","","Yes"
"45-15-15","123 WILLIAM ST - 123 William St","","Yes"
"45-15-16","121 WILLIAM ST - 121 William St","","Yes"
"45-15-17","119 WILLIAM ST - 119 William St","","Yes"
"45-15-2","89 BENKARD AVE - 89 Benkard Ave","","Yes"
"45-15-6","174 RENWICK ST - 174 Renwick St","","Yes"
"45-1-6","84 BENKARD AVE - 84 Benkard Ave","","Yes"
"45-3-18","56 BENKARD AVE - 56 Benkard Ave","","Yes"
"45-3-4","135 S WILLIAM ST - 135 S William St","","Yes"
"45-3-7","35 S LANDER ST - 35 S Lander St","","Yes"
"45-4-1","129 S WILLIAM ST - 129 S William St","","Yes"
"45-4-11","22 BENKARD AVE - 22 Benkard Ave","","Yes"
"45-4-16","32 BENKARD AVE - 32 Benkard Ave","","Yes"
"45-4-3","125 S WILLIAM ST - 125 S William St","","Yes"
"45-4-5","109 S WILLIAM ST - 109 S William St","","Yes"
"45-4-9","18 BENKARD AVE - 18 Benkard Ave","","Yes"
"45-5-1","31 BENKARD AVE - 31 Benkard Ave","","Yes"
"45-5-18","1 LIBERTY ST - 1 Liberty St","","Yes"
"45-5-27","116 RENWICK ST - 116 Renwick St","","Yes"
"45-5-31","56 S LANDER ST - 56 S Lander St","","Yes"
"45-5-5","21 BENKARD AVE - 21 Benkard Ave","","Yes"
"45-6-14","5 LIBERTY ST WH - 5 Liberty St Wh","","Yes"
"45-6-19","44 CARSON AVE - 44 Carson Ave","","Yes"
"45-6-2","119 RENWICK ST - 119 Renwick St","","Yes"
"45-6-26","58 CARSON AVE - 58 Carson Ave","","Yes"
"45-6-30","66 CARSON AVE - 66 Carson Ave","","Yes"
"45-6-9","103 RENWICK ST - 103 Renwick St","","Yes"
"45-7-1","71 CARSON AVE - 71 Carson Ave","","Yes"
"45-7-19","27 LIBERTY ST WH - 27 Liberty St Wh","","Yes"
"45-7-21","31 LIBERTY ST WH - 31 Liberty St Wh","","Yes"
"45-7-3","67 CARSON AVE - 67 Carson Ave","","Yes"
"45-7-4","65 CARSON AVE - 65 Carson Ave","","Yes"
"45-7-5","63 CARSON AVE - 63 Carson Ave","","Yes"
"45-7-7","59 CARSON AVE - 59 Carson Ave","","Yes"
"45-8-16","93 S LANDER ST - 93 S Lander St","","Yes"
"45-8-8","91 CARSON AVE - 91 Carson Ave","","Yes"
"46-1-21","8 LIBERTY ST - 8 Liberty St","","Yes"
"46-1-26","18 LIBERTY ST - 18 Liberty St","","Yes"
"46-1-27","20 LIBERTY ST - 20 Liberty St","","Yes"
"46-1-31","36 LIBERTY ST - 36 Liberty St","","Yes"
"46-1-6","35 JOHNES ST - 35 Johnes St","","Yes"
"46-3-1","38 EDWARD ST - 38 Edward St","","Yes"
"46-5-21","9 CARSON AVE - 9 Carson Ave","","Yes"
"46-5-23","14 LIBERTY ST WH - 14 Liberty St Wh","","Yes"
"46-6-4","6 CARSON AVE - 6 Carson Ave","","Yes"
"4-7-5","2 NICOLL ST - 2 Nicoll St","","Yes"
"48-11-10","51 COURTNEY AVE - 51 Courtney Ave","","Yes"
"48-11-17","61 LIBERTY ST WH - 61 Liberty St Wh","","Yes"
"48-11-21","54 HENRY AVE - 54 Henry Ave","","Yes"
"48-1-14","75 OVERLOOK PL - 75 Overlook Pl","","Yes"
"48-12-11","73 COURTNEY AVE - 73 Courtney Ave","","Yes"
"48-12-17","74 HENRY AVE - 74 Henry Ave","","Yes"
"48-12-18.1","76 HENRY AVE - 76 Henry Ave","","Yes"
"48-12-24","88 HENRY AVE - 88 Henry Ave","","Yes"
"48-1-6","95 OVERLOOK PL - 95 Overlook Pl","","Yes"
"48-2-14","47 LIBERTY ST WH - 47 Liberty St Wh","","Yes"
"48-3-15","8 BAY VIEW TER - 8 Bay View Ter","","Yes"
"48-3-24","28 COURTNEY AVE - 28 Courtney Ave","","Yes"
"48-4-1","52 LIBERTY ST WH - 52 Liberty St Wh","","Yes"
"48-4-28","54 LIBERTY ST WH - 54 Liberty St Wh","","Yes"
"48-5-13","22 BAY VIEW TER - 22 Bay View Ter","","Yes"
"48-5-25","39 BAY VIEW TER - 39 Bay View Ter","","Yes"
"48-5-29","82 LIBERTY ST WH - 82 Liberty St Wh","","Yes"
"48-6-1","69 BEACON ST - 69 Beacon St","","Yes"
"48-6-11","95 LIBERTY ST WH - 95 Liberty St Wh","","Yes"
"48-6-22","68 BAY VIEW TER - 68 Bay View Ter","","Yes"
"48-6-9","43 BEACON ST - 43 Beacon St","","Yes"
"48-9-17","86 BEACON ST - 86 Beacon St","","Yes"
"48-9-18","90 BEACON ST - 90 Beacon St","","Yes"
"4-9-1","420 GRAND ST - 420 Grand St","","Yes"
"6-4-12","1 WARDEN CIR - 1 Warden Cir","","Yes"
"6-6-71","592 SOUTH ST - 592 South St","","Yes"
"7-10-25","28 COLUMBUS AVE - 28 Columbus Ave","","Yes"
"7-10-26","30 COLUMBUS AVE - 30 Columbus Ave","","Yes"
"7-11-17.1","34 A ROE ST - 34 A Roe St","","Yes"
"7-1-14","15 SEQUESTERED RD - 15 Sequestered Rd","","Yes"
"7-1-21","12 PINE ST - 12 Pine St","","Yes"
"7-1-4.1","293 ROBINSON AVE - 293 Robinson Ave","","Yes"
"7-1-48.12","260 GIDNEY AVE - 260 Gidney Ave","","Yes"
"7-2-14","192 GIDNEY AVE - 192 Gidney Ave","","Yes"
"7-2-17","184 GIDNEY AVE - 184 Gidney Ave","","Yes"
"7-2-18","180 GIDNEY AVE - 180 Gidney Ave","","Yes"
"7-2-34","16 MANDIGO PL - 16 Mandigo Pl","","Yes"
"7-2-39","9 HUDSON VIEW TER - 9 Hudson View Ter","","Yes"
"7-2-41","15 HUDSON VIEW TER - 15 Hudson View Ter","","Yes"
"7-2-46","35 HUDSON VIEW TER - 35 Hudson View Ter","","Yes"
"7-2-48","43 HUDSON VIEW TER - 43 Hudson View Ter","","Yes"
"7-2-5","244 ROBINSON AVE - 244 Robinson Ave","","Yes"
"7-2-52","277 CARPENTER AVE - 277 Carpenter Ave","","Yes"
"7-3-6","35 CITY TER NO - 35 City Ter No","","Yes"
"7-6-15","310 CARPENTER AVE - 310 Carpenter Ave","","Yes"
"7-6-7","11 CITY TER NO - 11 City Ter No","","Yes"
"7-7-18","255 POWELL AVE - 255 Powell Ave","","Yes"
"7-7-19","253 POWELL AVE - 253 Powell Ave","","Yes"
"7-7-20","251 POWELL AVE - 251 Powell Ave","","Yes"
"7-7-21","249 POWELL AVE - 249 Powell Ave","","Yes"
"7-7-33","118 GIDNEY AVE - 118 Gidney Ave","","Yes"
"7-7-41","260 CARPENTER AVE - 260 Carpenter Ave","","Yes"
"7-7-42","266 CARPENTER AVE - 266 Carpenter Ave","","Yes"
"7-8-12","12 HUDSON VIEW TER - 12 Hudson View Ter","","Yes"
"7-8-13","235 CARPENTER AVE - 235 Carpenter Ave","","Yes"
"7-8-5","32 HUDSON VIEW TER - 32 Hudson View Ter","","Yes"
"7-9-21","16 RUSSELL RD - 16 Russell Rd","","Yes"
"7-9-9","231 ROBINSON AVE - 231 Robinson Ave","","Yes"
"8-1-5","88 GIDNEY AVE - 88 Gidney Ave","","Yes"
"9-1-25","458 LIBERTY ST - 458 Liberty St","","Yes"
"9-1-3","83 NICOLL ST - 83 Nicoll St","","Yes"
"9-2-21","350 GRAND ST - 350 Grand St","","Yes"
"9-3-12","12 FORSYTHE PL - 12 Forsythe Pl","","Yes"
"9-3-13","10 FORSYTHE PL - 10 Forsythe Pl","","Yes"
